id,name,user_name,friends_count,created_at,location
1,pirfectmoses,pirfectmoses,588,Thu Sep 08 13:20:35 +0000 2011,
2,SAK Nair,bsknair1967,693,Sun May 03 07:35:13 +0000 2009,Kuwait
3,Deepak,dedjven,104,Sun Sep 06 19:50:08 +0000 2009,India
4,Marcos Vinicius,BrowAlves,227,Fri Oct 16 14:02:48 +0000 2009,Rio de Janeiro
5,Shri Kant Kanaujia,kanaujiask,519,Sun Jan 31 12:08:41 +0000 2010,lucknow
6, Shree vishnu.M,shreeswara,1998,Sun Apr 18 12:04:04 +0000 2010,
7,crystyane,crystyanesouza,1548,Mon Sep 27 21:53:12 +0000 2010,
8,shashank shukla,creativebugg,1930,Tue Feb 15 16:34:46 +0000 2011,Pune 
9,santosh nayak,santoshnayak1,501,Sat Apr 30 11:24:34 +0000 2011,Ranai
10,DATTARAM  PARAB,DATTARAMPARAB,1998,Mon May 23 17:15:15 +0000 2011,
11,suraj jadhao,surajjadhao,390,Sat Aug 06 01:23:19 +0000 2011,"amravati ,maharatra ,india"
12,Nirmal,smartnirmal,328,Fri Jan 27 11:24:28 +0000 2012,
13,Rochell Camacho,rochellcam,641,Sat Jun 23 15:30:29 +0000 2012,"DIADEMA,  SAO PAULO ,BRASIL"
14,Thomasena Frank,thomasenafr,630,Sat Jun 23 15:31:34 +0000 2012,In your house!
15,Arnetta Whitfield,whitfieldhzbja,602,Sat Jun 23 15:31:45 +0000 2012,Arizona
16,Tonia Jacobs,toniajacobsoeoi,592,Sat Jun 23 15:32:21 +0000 2012,Ачинск
17,Kasandra Bentley,kasandrapt,620,Sat Jun 23 15:32:47 +0000 2012,Rio Grande do Sul
18,Stefania Sears,searsfo,639,Sat Jun 23 15:32:53 +0000 2012,queens  newyork
19,Shamika Stark,shamikagbeav,614,Sat Jun 23 15:32:47 +0000 2012,pontianak
20,Esperanza Maxwell,maxwellln,650,Sat Jun 23 15:32:52 +0000 2012,malaysia
21,Janina Castro,janinahzrom,643,Sat Jun 23 15:33:05 +0000 2012,WORLDWIDE
22,Myrtle Bowman,bowmanfdhz,641,Sat Jun 23 15:33:06 +0000 2012,"Fairburn, GA"
23,Genevieve Page,genevieveqkf,779,Sat Jun 23 15:33:12 +0000 2012,Arizona
24,Awilda Fox,awildagxw,622,Sat Jun 23 15:32:59 +0000 2012,"bangalore, india"
25,Margarite Robles,roblesxyfi,649,Sat Jun 23 15:33:15 +0000 2012,Canada
26,Delila Keller,delilanbly,756,Sat Jun 23 15:33:22 +0000 2012,Liverpool
27,Iris Wiggins,wigginssfhmy,600,Sat Jun 23 15:33:05 +0000 2012,Where The Wilder Things Are
28,Izola Tillman,izolaywwf,621,Sat Jun 23 15:33:16 +0000 2012,Accra- Ghana
29,Brian Dickson,briangq,735,Sat Jun 23 15:33:32 +0000 2012,"Victoria, British Columbia"
30,Lamont Church,churchrvxn,625,Sat Jun 23 15:33:23 +0000 2012,WITH KYLE.
31,Coleen Bass,coleenbasssb,621,Sat Jun 23 15:27:31 +0000 2012,Indonesia
32,Christoper Berger,christoperrzae,638,Sat Jun 23 15:33:21 +0000 2012,Genève - Suisse
33,Heike Mathews,mathewstn,631,Sat Jun 23 15:27:25 +0000 2012,New York City Suburbs
34,Carlota Scott,carlotazh,623,Sat Jun 23 15:27:29 +0000 2012,"Charleston, South Carolina"
35,Jenelle Gilmore,jenellegfs,686,Sat Jun 23 15:33:53 +0000 2012,New York at the moment
36,Candra Dale,candradaleuyi,619,Sat Jun 23 15:34:10 +0000 2012,Jakarta
37,Travis Harris,harrisnllbz,603,Sat Jun 23 15:34:19 +0000 2012,wherever your heart is
38,Elvie Carlson,elviecarlsonqj,602,Sat Jun 23 15:29:19 +0000 2012,"Tolland, Connecticut"
39,Kerry Fletcher,kerryfletcheras,614,Sat Jun 23 15:30:29 +0000 2012,Badaha
40,Renay Kirby,renaypwa,599,Sat Jun 23 15:31:25 +0000 2012,in Paris :]
41,Esteban Owens,estebanly,663,Sat Jun 23 15:31:46 +0000 2012,The wild side
42,Kaitlyn Oliver,olivermsd,598,Sat Jun 23 15:38:35 +0000 2012,Im Everywhere
43,Malvina Riddle,riddleualuz,637,Sat Jun 23 15:32:58 +0000 2012,NY city
44,Corie Watts,wattslhad,684,Sat Jun 23 15:33:05 +0000 2012,Look up ( must be outdoor )
45,Nida Douglas,nidadouglaserrs,609,Sat Jun 23 15:32:56 +0000 2012,"Nashville, TN"
46,Sydney Harmon,harmonfmgr,732,Sat Jun 23 15:32:59 +0000 2012,Asian
47,Babara Potts,pottsdegn,630,Sat Jun 23 15:33:05 +0000 2012,Montcler
48,Leopoldo Hess,leopoldohess,654,Sat Jun 23 15:33:17 +0000 2012,indonesia
49,Haley Wall,wallrkmu,638,Sat Jun 23 15:33:26 +0000 2012,Fernandopolis/SP
50,Maryanna Wise,maryannawerzs,652,Sat Jun 23 15:33:20 +0000 2012,"Hattiesburg, MS"
51,Christel Grimes,christelgri,599,Sat Jun 23 15:33:22 +0000 2012,Philippines
52,Kirstin Morales,kirstinscv,652,Sat Jun 23 15:33:37 +0000 2012,Hope to be in Vancouver
53,Marylyn Phelps,phelpsbl,609,Sat Jun 23 15:33:40 +0000 2012,"日本 Japan,Okazaki"
54,Krystal Bradshaw,krystalsujl,807,Sat Jun 23 15:39:21 +0000 2012,Venezuela
55,Thalia Farrell,thaliafarr,638,Sat Jun 23 15:34:16 +0000 2012,Online Dress Store
56,Nathaniel Cooke,nathanieltnftn,593,Sat Jun 23 15:34:09 +0000 2012,somewhere youre not
57,Wade Martinez,martinezmchcs,671,Sat Jun 23 15:40:02 +0000 2012,Canada
58,Jerica Marsh,jericamarshuhp,673,Sat Jun 23 15:34:26 +0000 2012,Michigan
59,Patsy Weiss,patsyyor,630,Sat Jun 23 15:34:23 +0000 2012,atlanta georgia
60,Dusti Butler,dustibutlerzgv,722,Sat Jun 23 15:34:19 +0000 2012,Ottawa
61,Clara Gillespie,claraohqe,610,Sat Jun 23 15:34:21 +0000 2012,"Cicalengka, Bandung"
62,Margit Roy,margitror,655,Sat Jun 23 15:35:17 +0000 2012,Santo domingo
63,Shad Schroeder,shadschroedernj,572,Sat Jun 23 15:35:37 +0000 2012,Milford Texas
64,Dorris Mcdowell,mcdowellqzjb,669,Sat Jun 23 15:43:37 +0000 2012,D(M)V
65,Jeanette Bruce,jeanettequhpr,610,Sat Jun 23 15:43:45 +0000 2012,Detroit/MI
66,Carylon Conrad,carylonfedmy,651,Sat Jun 23 15:43:41 +0000 2012,North Carolina and Florida
67,Caryn Diaz,carynooxmi,801,Sat Jun 23 15:38:09 +0000 2012,England
68,Willodean Boyd,boydwui,599,Sat Jun 23 15:38:33 +0000 2012,in your pocket (hopefully)
69,Kittie Hobbs,hobbspyj,1221,Sat Jun 23 15:44:51 +0000 2012,gualeguaychu
70,Callie Gilmore,gilmorecfj,589,Sat Jun 23 15:45:57 +0000 2012,Boston
71,Ellen Williams,williamseqww,748,Sat Jun 23 15:45:59 +0000 2012,soy argentino
72,Erasmo Hunt,erasmohunttya,721,Sat Jun 23 15:46:40 +0000 2012,"Siloam Springs, Arkansas"
73,Frida Holland,hollandwbinq,585,Sat Jun 23 15:46:36 +0000 2012,Los Angeles
74,Loren Cabrera,cabrerazmos,639,Sat Jun 23 15:46:31 +0000 2012,Michigan
75,Nicolas Harmon,nicolasharmon,504,Sat Jun 23 15:46:43 +0000 2012,Charm City to G'town
76,Kendall Barker,kendalloavbf,703,Sat Jun 23 15:46:48 +0000 2012,"Phoenix, AZ"
77,Hilde Armstrong,hildegx,615,Sat Jun 23 15:46:31 +0000 2012,"Dallas, TX"
78,Luz Lloyd,lloydpkt,641,Sat Jun 23 15:46:39 +0000 2012,In Rob's hug....(Greece)
79,Angila Watson,watsonkeuop,581,Sat Jun 23 15:46:47 +0000 2012,Maine
80,Maud Deleon,mauddeleonvdmp,681,Sat Jun 23 15:46:37 +0000 2012,somewhere in panamaaa .
81,Marlene Barr,barrszh,594,Sat Jun 23 15:47:13 +0000 2012,"Medan, Indonesia"
82,Val Perkins,valperkinsevw,665,Sat Jun 23 15:47:03 +0000 2012,Europe
83,Keitha Weber,keithaoqaa,564,Sat Jun 23 15:47:10 +0000 2012,INDIA / CALI
84,Elda Ochoa,eldauzxt,581,Sat Jun 23 15:47:05 +0000 2012,jakarta
85,Luci Sims,lucisimsaexmq,606,Sat Jun 23 15:47:17 +0000 2012,Patoos de Miiinas
86,Lashell Albert,albertdylej,579,Sat Jun 23 15:47:17 +0000 2012,Salvador BA
87,Paola Mercado,mercadoudoc,617,Sat Jun 23 15:47:10 +0000 2012,"Edinburgh, Scotland"
88,Bradley Cherry,cherryzgrbz,731,Sat Jun 23 15:47:24 +0000 2012,Atlanta GA ✈ Los Angeles CA.
89,Ezra Mckinney,ezrameni,645,Sat Jun 23 15:47:27 +0000 2012,127.0.0.1 hihihi
90,Marvel Nunez,marvelsmao,603,Sat Jun 23 15:47:30 +0000 2012,"Tawau, Sabah"
91,Todd Morrow,morrowjjl,542,Sat Jun 23 15:47:34 +0000 2012,NY.
92,Enrique Walter,enriqueniq,568,Sat Jun 23 15:47:40 +0000 2012,misskoko world(◕‿◕ ✿)
93,Celine Ortiz,celinexwyj,578,Sat Jun 23 15:47:57 +0000 2012,SeRHaT
94,Larhonda Forbes,larhondaforbes,624,Sat Jun 23 15:47:56 +0000 2012,♥~!LONDON!~♥
95,Aretha White,whitezupa,685,Sat Jun 23 15:47:54 +0000 2012,Los Angeles
96,Florance Shaw,floranceor,599,Sat Jun 23 15:48:03 +0000 2012,"DC, Maryland, Virginia (DMV)"
97,Janay Wiley,janaywileyqe,596,Sat Jun 23 15:48:04 +0000 2012,malang
98,Rayna Hubbard,hubbardwpzbe,629,Sat Jun 23 15:43:09 +0000 2012,Odessa
99,Enriqueta Keith,keithnkrk,608,Sat Jun 23 15:43:34 +0000 2012,Ca
